,id,key,badges,banned,bio,blocked,comments,datatype,followed,user_followers,user_following,following,human,integration,isFollowingYou,joined,lastseents,likes,media,muted,pendingFollow,posts,private,profilePhoto,rss,state,userid,username,verified,verifiedComments,username_length,error_code,error_desc,error_details,bio_x,error_code_x,error_code_y,bio_y,metrics,followers_count,following_count,tweet_count,Unnamed: 7,Unnamed: 8,Unnamed: 9,Unnamed: 10,Unnamed: 11,Unnamed: 12,Unnamed: 13,Unnamed: 14,Unnamed: 15
132,e0a8926df7ba4402a2ee65a04313b179,e0a8926df7ba4402a2ee65a04313b179,[],False,"Pro Trump, Catholic, Pro Israel, Pro Life, Pro 2A, Former Marine Mustang, Retired Attorney, Twitter Ban for Life.

#KEKISTAN #QANON #STOPTHESTEAL #WWG1WGA #MAGA #TRUMP2020 #2A #SECEDE #CCP #PROUDBOYS",False,4.0,user_profile,False,1500.0,4200.0,4200.0,False,False,False,7/31/20 17:39,2020-12-20 21:33:12.789329 UTC,376.0,128.0,False,False,965.0,False,885afacbb05e41008c3d9a0284b5f3ea,False,,e0a8926df7ba4402a2ee65a04313b179,wallstduck,False,False,10,200.0,Not Found Error,Could not find user with usernames: [wallstduck].,,,,,,,,,,,,,,,,,
187,17535d5446064c1bbd766f70c0076678,17535d5446064c1bbd766f70c0076678,[],,Here for President Trump with the other great patriots that left Twitter I follow all first responders and police . Aka... Belly Whisperer by my dogs and I proudly support proud boys,False,,user_profile,False,10000.0,17000.0,,False,False,,6/26/20 20:48,2020-12-23 14:46:08.892395 UTC,,,False,,,False,2c6c136dd147420184fa6e0ddd83634d,False,,17535d5446064c1bbd766f70c0076678,Sunshine14402,False,False,13,200.0,Not Found Error,Could not find user with usernames: [Sunshine14402].,,,,,,,,,,,,,,,,,
201,708a78e5601e4f219b3c36845c48f5db,708a78e5601e4f219b3c36845c48f5db,[],False,"ÔøΩÔøΩÔøΩÔøΩÔøΩÔøΩFight the Good FightÔøΩÔøΩÔøΩÔøΩÔøΩÔøΩ
Proud supporter of the Proud Boys
Twitter: @HC8199 I‚Äôm friendly
#POYB 
#1776
 ( If your not Antifa or BLM )follow back on all my accounts",False,19.0,user_profile,False,13.0,53.0,53.0,False,False,False,7/1/20 16:53,2020-12-22 08:00:09.611032 UTC,283.0,10.0,False,False,161.0,False,8b6d488e8e7e490f8cd671d69bb37305,False,,708a78e5601e4f219b3c36845c48f5db,Hwc899,False,False,6,200.0,Not Found Error,Could not find user with usernames: [Hwc899].,,,,,,,,,,,,,,,,,
215,b0898ab0e6ca4b6aa06a3ed83c56a24a,b0898ab0e6ca4b6aa06a3ed83c56a24a,[0],False,Desert Storm-OIF-OEF #Veteran #Censored ÔøΩÔøΩECHOES move the messageÔøΩÔøΩ#MAGA to #KAG #TrumpNowMoreThanEverÔøΩÔøΩÔøΩÔøΩ #StopTheSteal #VoterFraud #InsurrectionAct #1776Again @TrumpsProudBoy on Twitter,False,2.0,user_profile,False,70.0,440.0,440.0,True,False,False,1/7/21 14:20,2021-01-08 08:03:51.559617 UTC,7.0,4.0,False,False,19.0,False,46ebc9c361dc4d05becdb3de39a0d34f,False,1.0,b0898ab0e6ca4b6aa06a3ed83c56a24a,TrumpsProudBoy,False,False,14,200.0,Not Found Error,Could not find user with usernames: [TrumpsProudBoy].,,,,,,,,,,,,,,,,,
330,d663ae0b32c041fc9033dd1452c4a760,d663ae0b32c041fc9033dd1452c4a760,[0],False,"Army 1SG(ret), Iraq & Afghanistan vet, Founder of OCT, unapologetic defender of liberty, & proud husband & father. Star Wars geek/cat lover. Unapologetic CENTEX #ProudBoy Banned: Twitter, FB, & IG.",False,353.0,user_profile,False,1300.0,475.0,475.0,True,False,False,6/26/19 19:13,2020-12-22 16:15:06.632872 UTC,673.0,169.0,False,False,956.0,False,1fa162dc085e44019641e8c27db0fb00,False,,d663ae0b32c041fc9033dd1452c4a760,Chcknhawk,False,False,9,200.0,Not Found Error,Could not find user with usernames: [Chcknhawk].,,,,,,,,,,,,,,,,,
510,8b07fa501b104a7293924fb77a2b1916,8b07fa501b104a7293924fb77a2b1916,[0],False,"independent #2A #1A #MAGA2020 #Trump2020
DumpCuomo #DivideNY #nofreeshit Father of a Marine 
Banned from Twitter for free speech Twice! Proud Boy CNY!

DumpCuomo and DumpCuomox2
#TakeBackNewYork",False,1000.0,user_profile,False,6300.0,5100.0,5100.0,True,False,False,6/3/19 11:21,2020-12-21 19:48:45.978167 UTC,15000.0,260.0,False,False,15000.0,False,681fda710c9e4d3a97696afa2f838bb7,False,,8b07fa501b104a7293924fb77a2b1916,DumpCuomoQ2022Q,False,False,15,200.0,Not Found Error,Could not find user with usernames: [DumpCuomoQ2022Q].,,,,,,,,,,,,,,,,,
524,9f87a472014f4fc2b5ec559944bd9854,9f87a472014f4fc2b5ec559944bd9854,[0],False,"Banned on Facebook, Instagram and Twitter. ÔøΩÔøΩ‚Äç‚ôÇÔ∏è
Catholic, Consrervative, Veteran, Father, Athlete and Arizona Proud Boy!",False,41.0,user_profile,False,98.0,111.0,111.0,True,False,False,10/6/20 2:05,2020-12-21 03:22:07.36384 UTC,49.0,8.0,False,False,69.0,False,422017d843284f82822eb61866eda303,False,1.0,9f87a472014f4fc2b5ec559944bd9854,DefFBbanned,False,False,11,200.0,Not Found Error,Could not find user with usernames: [DefFBbanned].,,,,,,,,,,,,,,,,,
537,2eee97d5d2864c0db01e4af3d13c98fd,2eee97d5d2864c0db01e4af3d13c98fd,[],False,I SUPPORT FREE SPEECH. That‚Äôs why I‚Äôm here not at Twitter. MAGA. KAG. TRUMP2020. FREE AMERICAN. FREETHINKER #proudboys,False,17.0,user_profile,False,88.0,115.0,115.0,False,False,False,6/25/20 0:51,2020-12-21 13:58:13.551445 UTC,65.0,15.0,False,False,73.0,False,31d182d308454638a0a1467a7fff3368,False,,2eee97d5d2864c0db01e4af3d13c98fd,TheDallasSpoon,False,False,14,200.0,Not Found Error,Could not find user with usernames: [TheDallasSpoon].,,,,,,,,,,,,,,,,,
1036,66f94a9aa4774779bbc0922049e16b0f,66f94a9aa4774779bbc0922049e16b0f,[0],False,"@hobie_trice Twitter
@woke_33 Instagram 
FATHER
Veteran - SEABEE 
Photographer
Writer Truth Seeker‚ÄúPlaying a much bigger role‚Äù ÔøΩÔøΩ#wwg1wga #patriot #oathkeeper #cajun #watcher #catalyst #covfefe",False,10.0,user_profile,False,268.0,639.0,639.0,True,False,False,7/12/19 18:26,2020-12-20 14:09:16.856468 UTC,189.0,3.0,False,False,35.0,False,5af2817140594e36969c9a7bb16135d9,False,,66f94a9aa4774779bbc0922049e16b0f,HobieCunningham,False,False,15,200.0,Not Found Error,Could not find user with usernames: [HobieCunningham].,,,,,,,,,,,,,,,,,
1081,21bf24ebf2264cba9a220e7a58d4c6ca,21bf24ebf2264cba9a220e7a58d4c6ca,[],False,"U.S. ARMY INFANTRY COMBAT VETERAN, PATRIOT,OATHKEEPER.
WE THE PEOPLE VS GLOBALISTS. F TWITTER!",False,251.0,user_profile,False,379.0,724.0,724.0,False,False,False,11/19/20 19:11,2020-12-21 00:34:45.099624 UTC,1300.0,17.0,False,False,1100.0,False,7bddd7b715874fe893d09bcf6e08604f,False,1.0,21bf24ebf2264cba9a220e7a58d4c6ca,Outlawbenning78,False,False,15,200.0,Not Found Error,Could not find user with usernames: [Outlawbenning78].,,,,,,,,,,,,,,,,,
1257,e7fd6fd058884a69bedaac83567468fc,e7fd6fd058884a69bedaac83567468fc,[],False,"The time for debate is DONE! I will not argue with Liberals, Neo-Cons, BLM/Antifa/dom terrorist group. Oathkeeper III%. Free Thinker, Conservative, Libertarian, BackTheBlue. @CF_Joshskeety -Twitter",False,3.0,user_profile,False,33.0,76.0,76.0,False,False,False,9/18/20 23:50,2020-12-21 22:54:39.523879 UTC,12.0,3.0,False,False,58.0,False,ce8ce3d1730b4b9f8ea40bd101828ef6,False,1.0,e7fd6fd058884a69bedaac83567468fc,Patriotskeety,False,False,13,200.0,Not Found Error,Could not find user with usernames: [Patriotskeety].,,,,,,,,,,,,,,,,,
1262,18d2d2aafed244a1a2871eaec4294009,18d2d2aafed244a1a2871eaec4294009,[],False,"US Navy vet, NRA member, Harley Rider, Trump campaign volunteer in a red county of a blue state Great Great grandson of a Civil war vet #ExNFLfan #OATHKEEPER Twitter = Rob common sense DEPLORABLE",False,6.0,user_profile,False,2900.0,2700.0,2700.0,False,False,False,6/3/19 19:27,2020-12-20 18:58:07.314467 UTC,22.0,28.0,False,False,415.0,False,57748bff475f48a9931428047c9106f9,False,,18d2d2aafed244a1a2871eaec4294009,Arleo1Rw,False,False,8,200.0,Not Found Error,Could not find user with usernames: [Arleo1Rw].,,,,,,,,,,,,,,,,,
1393,8d66f0fa051046a28d31da58fd1ac4a6,8d66f0fa051046a28d31da58fd1ac4a6,[],False,"Proud Infidel since 25 Jun 96, Remember Khobar Towers. USAF Vet . Suspended from Twitter since Jul 2019.   #OathKeeper #Bluehand  #VoterID #FinishTheWall  ",False,96.0,user_profile,False,4000.0,4000.0,4000.0,False,False,False,7/16/19 23:43,2020-12-21 06:42:11.565114 UTC,3400.0,502.0,False,False,3900.0,False,8feb84eeb8de4a7e8452ba049e1985b6,False,,8d66f0fa051046a28d31da58fd1ac4a6,GrandInfidel,False,False,12,200.0,Not Found Error,Could not find user with usernames: [GrandInfidel].,,,,,,,,,,,,,,,,,
1405,2533d325b3dd496bbc070eacbddec71b,2533d325b3dd496bbc070eacbddec71b,[],False,"American, Veteran. Give me Liberty!! #ProtectandDefend. #MAGA #oathkeepers @freedom4all on twitter",False,1.0,user_profile,False,24.0,86.0,86.0,False,False,False,5/29/20 15:00,2020-12-20 15:17:31.356903 UTC,5.0,0.0,False,False,3.0,False,fc1b8d77676044fbbd5aafa074555fd6,False,,2533d325b3dd496bbc070eacbddec71b,DeepSeaDeco,False,False,11,200.0,Not Found Error,Could not find user with usernames: [DeepSeaDeco].,,,,,,,,,,,,,,,,,
1432,05524d85944143459ab024471da7b51e,05524d85944143459ab024471da7b51e,[],False,"Father, Husband, Soldier, Teacher, Pilot, with degrees in Education and Physics. @Curtwaldrip on twitter. KAG, Constitution, #Oathkeeper. Host of Liberty Cowboy channel on Youtube.",False,0.0,user_profile,False,6.0,11.0,11.0,False,False,False,9/10/20 0:22,2020-12-22 15:49:03.298038 UTC,0.0,0.0,False,False,3.0,False,c5c08a84fa714d9697698c6799484be4,False,1.0,05524d85944143459ab024471da7b51e,CaptainCurt93,False,False,13,200.0,Not Found Error,Could not find user with usernames: [CaptainCurt93].,,,,,,,,,,,,,,,,,
1589,465da398dbfc41b68f56d474506080d5,465da398dbfc41b68f56d474506080d5,[],False,ÔøΩÔøΩÔøΩÔøΩÔøΩÔøΩÔøΩÔøΩÔøΩÔøΩÔøΩÔøΩÔøΩÔøΩÔøΩÔøΩ Twitter-@mellowman_32 Insta- @mellowman32-2A-3%-NRA Life Member-Back the Military-Back the Blue-I follow any & all Great Patriots!! Never forget 9/11 ‚ÄºÔ∏è and who committed those terrorist attacks on US soil! ÔøΩÔøΩÔøΩÔøΩÔøΩÔøΩÔøΩÔøΩWhere We Go One We Go AllÔøΩÔøΩÔøΩÔøΩÔøΩÔøΩÔøΩÔøΩ ‚öñÔ∏èActa non verba‚öñÔ∏è   ‚ùå‚ùå#TRUMP2020‚ùå‚ùå.  ÔøΩÔøΩÔøΩÔøΩ‚ù§Ô∏èÔøΩÔøΩÔøΩÔøΩ‚ù§Ô∏èÔøΩÔøΩÔøΩÔøΩ,False,20.0,user_profile,False,2900.0,3200.0,3200.0,False,False,False,6/1/19 15:12,2021-01-11 06:15:14.004562 UTC,230.0,1.0,False,False,302.0,False,e439c3b805834534a1516d423a266ab8,False,,465da398dbfc41b68f56d474506080d5,Mellowman32,False,False,11,200.0,Not Found Error,Could not find user with usernames: [Mellowman32].,,,,,,,,,,,,,,,,,
1707,0cf2d43881cb4a70ae915bf7c4d08cae,0cf2d43881cb4a70ae915bf7c4d08cae,[],False,"MAGA-KAG! Christian, MedicalGeographer, Constitutionalist, Navy Brat, 3%-er, Benghazi, Extortion17, Israel! Twitter @KathrynKemm. Semper Fi! ÔøΩÔøΩÔøΩÔøΩ America FIRST!!",False,58.0,user_profile,False,2700.0,3200.0,3200.0,False,False,False,7/26/20 3:24,2020-12-22 03:33:43.314566 UTC,390.0,0.0,False,False,686.0,False,15647d2538624791b25fa48d3c9e3de0,False,,0cf2d43881cb4a70ae915bf7c4d08cae,KathrynKemm1,False,False,12,200.0,Not Found Error,Could not find user with usernames: [KathrynKemm1].,,,,,,,,,,,,,,,,,
119,a9e94b9c2a8d4ca5b84c675619926ffd,a9e94b9c2a8d4ca5b84c675619926ffd,[0],,,False,,user_profile,False,703.0,1100.0,,True,False,,6/25/20 14:46,2020-12-23 14:54:23.894884 UTC,,,False,,,False,467d771fcef641aaa70e1b640ed60cd4,False,,a9e94b9c2a8d4ca5b84c675619926ffd,JohnnyAmerica3,False,False,14,,account exists,,Deplatformed out of existence on Facebook Instagram Twitter. Left Communist Colorado for Freedom Loving Texas #ProudBoy III% #Infidel #MAGA #Trump2020 #FUCKANTIFA #DemocRatsAreDomesticTerrorists,200.0,200,American,"{'followers_count': 0, 'following_count': 2, 'tweet_count': 0, 'listed_count': 0}",0,2,0,,,,,,,,,
191,2add1bdac7afae7e40cc934816895d27,2add1bdac7afae7e40cc934816895d27,"[9, 0]",False,,False,326.0,user_profile,False,3600.0,4100.0,4100.0,True,False,False,12/11/18 15:54,2020-12-21 05:01:26.244424 UTC,2500.0,237.0,False,False,3300.0,False,8a5618416bef4e4689422119dbea4612,False,,2add1bdac7afae7e40cc934816895d27,Jimmyvegas,False,False,10,,account exists,,Est. 1943. Minister of Enlightenment and Propeganda. OathKeeper NRA CCW #KAG #MAGA #QAnon #Twexit #ProudBoys - Original @PARLER Influencer - - Banned on Twitter -,200.0,200,Good Neighbor-Bad Golfer,"{'followers_count': 1444, 'following_count': 2474, 'tweet_count': 8145, 'listed_count': 54}",1444,2474,54,,,,,,,,,
192,2add1bdac7afae7e40cc934816895d27,2add1bdac7afae7e40cc934816895d27,"[9, 0]",False,,False,326.0,user_profile,False,3600.0,4100.0,4100.0,True,False,False,12/11/18 15:54,2020-12-21 05:01:26.244424 UTC,2500.0,237.0,False,False,3300.0,False,8a5618416bef4e4689422119dbea4612,False,,2add1bdac7afae7e40cc934816895d27,Jimmyvegas,False,False,10,,account exists,,Est. 1943. Minister of Enlightenment and Propeganda. OathKeeper NRA CCW #KAG #MAGA #QAnon #Twexit #ProudBoys - Original @PARLER Influencer - - Banned on Twitter -,200.0,200,Good Neighbor-Bad Golfer,"{'followers_count': 1444, 'following_count': 2474, 'tweet_count': 8145, 'listed_count': 54}",1444,2474,54,,,,,,,,,
193,2add1bdac7afae7e40cc934816895d27,2add1bdac7afae7e40cc934816895d27,"[9, 0]",False,,False,326.0,user_profile,False,3600.0,4100.0,4100.0,True,False,False,12/11/18 15:54,2020-12-21 05:01:26.244424 UTC,2500.0,237.0,False,False,3300.0,False,8a5618416bef4e4689422119dbea4612,False,,2add1bdac7afae7e40cc934816895d27,Jimmyvegas,False,False,10,,account exists,,Est. 1943. Minister of Enlightenment and Propeganda. OathKeeper NRA CCW #KAG #MAGA #QAnon #Twexit #ProudBoys - Original @PARLER Influencer - - Banned on Twitter -,200.0,200,Good Neighbor-Bad Golfer,"{'followers_count': 1444, 'following_count': 2474, 'tweet_count': 8145, 'listed_count': 54}",1444,2474,54,,,,,,,,,
194,2add1bdac7afae7e40cc934816895d27,2add1bdac7afae7e40cc934816895d27,"[9, 0]",False,,False,326.0,user_profile,False,3600.0,4100.0,4100.0,True,False,False,12/11/18 15:54,2020-12-21 05:01:26.244424 UTC,2500.0,237.0,False,False,3300.0,False,8a5618416bef4e4689422119dbea4612,False,,2add1bdac7afae7e40cc934816895d27,Jimmyvegas,False,False,10,,account exists,,Est. 1943. Minister of Enlightenment and Propeganda. OathKeeper NRA CCW #KAG #MAGA #QAnon #Twexit #ProudBoys - Original @PARLER Influencer - - Banned on Twitter -,200.0,200,Good Neighbor-Bad Golfer,"{'followers_count': 1444, 'following_count': 2474, 'tweet_count': 8145, 'listed_count': 54}",1444,2474,54,,,,,,,,,
241,55d515fd8579434fae1c97a43bcd131b,55d515fd8579434fae1c97a43bcd131b,[0],False,,False,226.0,user_profile,False,114.0,168.0,168.0,True,False,False,11/10/20 13:02,2020-12-21 16:37:46.406952 UTC,416.0,5.0,False,False,252.0,False,14fa28e8409244ec8e047c4acac6a44d,False,1.0,55d515fd8579434fae1c97a43bcd131b,MasterAutoTech,False,False,14,,account exists,,"BACK THE BLUE!!! Faithful husband, proud father and staunch conservative. Leaving google and Twitter behind. Left FB many years ago. Support Proud Boys.",200.0,200,Bob's training by Mercedes Benz USA over the course of three decades has been kept up to date with recent ASA and World Pac sponsored training.,"{'followers_count': 42, 'following_count': 0, 'tweet_count': 324, 'listed_count': 2}",42,0,2,,,,,,,,,
304,e220139565d44920992d1c67d0332347,e220139565d44920992d1c67d0332347,[0],False,,False,193.0,user_profile,False,64.0,71.0,71.0,True,False,False,8/5/20 0:28,2021-01-11 07:44:50.227083 UTC,167.0,11.0,False,False,48.0,False,95562c88870a4b35be8240b7dea455f5,False,,e220139565d44920992d1c67d0332347,ProjectMayhem,False,False,13,,account exists,,"Proud Boy, Rally Boy 1st, Party Boy always. Columbus, Ohio Chapter. We're not Neo-Facists, Never believe the media. I'm a friendly internet troll. Anti-Twitter and Facebook. Down with tyrants.",200.0,200,I'm a nerd who owns too much mac stuff!,"{'followers_count': 6, 'following_count': 5, 'tweet_count': 0, 'listed_count': 1}",6,5,1,,,,,,,,,
320,2bafe0812e7e4fc189731465dfe3cafe,2bafe0812e7e4fc189731465dfe3cafe,[0],False,,False,7.0,user_profile,False,438.0,530.0,530.0,True,False,False,11/12/20 1:54,2020-12-22 10:52:09.388439 UTC,501.0,2.0,False,False,340.0,False,2b928e17106a4e69b62672b5757e60f0,False,1.0,2bafe0812e7e4fc189731465dfe3cafe,Slick66,False,False,7,,account exists,,"ÔøΩÔøΩÔøΩÔøΩ#Conservative Republican ÔøΩÔøΩ#American Exceptionalism #MAGA 2020, Keep America Great #2A.ÔøΩÔøΩ #Pro-life ÔøΩÔøΩ#Frack ShaleÔøΩÔøΩVeterans 
ÔøΩÔøΩHappy HolidaysÔøΩÔøΩÔøΩÔøΩ
ÔøΩÔøΩÔøΩÔøΩGod Bless America! ÔøΩÔøΩÔøΩÔøΩ
Twitter: proudboy172",200.0,200,,"{'followers_count': 4, 'following_count': 1, 'tweet_count': 6, 'listed_count': 0}",4,1,0,,,,,,,,,
321,ba56a62c22d942148effd655d9c252fc,ba56a62c22d942148effd655d9c252fc,[],False,,False,58.0,user_profile,False,365.0,417.0,417.0,False,False,False,5/29/20 5:17,2020-12-22 05:47:10.956715 UTC,861.0,12.0,False,False,684.0,False,624e1e9588424048baefa2898bd9575a,False,,ba56a62c22d942148effd655d9c252fc,HornedTiger,False,False,11,,account exists,,"Constitutional Conservative. #ProudBoy#MAGA #Fightback #WarriorofPatriots #DigitalSoldier
Moan Labe @PerfectAimSport Twitter",200.0,200,"‚ú®üí´ moss ‚Ä¢ he/him ‚Ä¢ nsfw artist ‚Ä¢ 18+ account ‚Ä¢ very, very kinky ‚Ä¢ constantly horny ‚Ä¢ taking commissions","{'followers_count': 5, 'following_count': 37, 'tweet_count': 1, 'listed_count': 0}",5,37,0,,,,,,,,,
331,295c407eda1844f1ae62ee91e87fb489,295c407eda1844f1ae62ee91e87fb489,[0],False,,False,95.0,user_profile,False,3000.0,3800.0,3800.0,True,False,False,11/13/20 13:12,2020-12-21 03:06:59.358562 UTC,118.0,278.0,False,False,308.0,False,279ac0b174f142ebaf7925fe118be08d,False,1.0,295c407eda1844f1ae62ee91e87fb489,Pepridge,False,False,8,,account exists,,#SALTYARMY ÔøΩÔøΩBanned on YouTube&Twitter! ÔøΩÔøΩSPICY MEMES!ÔøΩÔøΩÔøΩÔøΩMAGA/PRO: #ProudBoys ... #Trump ..Free speech AmericaÔøΩÔøΩ........ANTI:BLM..Antifa..ÔøΩÔøΩClintonÔøΩÔøΩ..Libtards!,200.0,200,Big hitter... long. Advisor to C Level and Hollywood executive types. I am proficient in one language and drive a 2003 Honda mini van.,"{'followers_count': 0, 'following_count': 2, 'tweet_count': 0, 'listed_count': 0}",0,2,0,,,,,,,,,
414,3dac59817c534bd09dcce13e6080ab06,3dac59817c534bd09dcce13e6080ab06,[],False,,False,0.0,user_profile,False,384.0,199.0,199.0,False,False,False,6/3/19 11:28,2020-12-21 03:39:57.340856 UTC,14.0,0.0,False,False,24.0,False,fe36b1b313d04703bb48de3d79469fe5,False,,3dac59817c534bd09dcce13e6080ab06,M1APatriot,False,False,10,,account exists,,"The M1A is one of the best true battle rifles. I'm a Veteran of the US military, a supporter of #2A, & an #oathkeeper. If you're not pro-gun, don't follow! Twitter - https://twitter.com/M1APatriot",200.0,200,"The M1A is one of the best true battle rifles. I'm a Veteran of the US military, a supporter of #2A, military #oathkeeper. If you're not pro-gun, don't follow!","{'followers_count': 5146, 'following_count': 5138, 'tweet_count': 66606, 'listed_count': 31}",5146,5138,31,,,,,,,,,
463,b4086c09f2984b07baf1d1e2b3c400d5,b4086c09f2984b07baf1d1e2b3c400d5,"[4, 0]",False,,False,,user_profile,False,354.0,316.0,,True,False,False,6/6/19 23:52,2020-12-21 21:01:44.953809 UTC,,,False,False,,True,31115b3d602647c88a47dd261bb5d629,False,,b4086c09f2984b07baf1d1e2b3c400d5,Kryptik,False,False,7,,account exists,,"God, Patriot, OathKeeper, NRA, Dogs, AssKicker, Trump-Pence! I follow MAGA & Military. RetCpt.82nd S.O.A. I don't play well with others...English only ÔøΩÔøΩÔøΩÔøΩ   Twitter @Kryptik_Hacker",200.0,200,A pig's orgasm lasts for 30 minutes straight. So will yours if you follow me.,"{'followers_count': 207, 'following_count': 68, 'tweet_count': 557, 'listed_count': 4}",207,68,4,,,,,,,,,
554,222fc415b57b4c9e86d80569e64da6b3,222fc415b57b4c9e86d80569e64da6b3,[0],False,,False,13.0,user_profile,False,109.0,362.0,362.0,True,False,False,5/28/20 5:32,2020-12-19 22:10:40.505406 UTC,7.0,4.0,False,False,26.0,False,d93f76cdb4ad4c8c949bde213abc4587,False,,222fc415b57b4c9e86d80569e64da6b3,Hillhound,False,False,9,,account exists,,"Dad to 2 gorgeous brainy girls, Navy Veteran ‚öìÔ∏èÔøΩÔøΩÔøΩÔøΩ, Oath keeper, 2nd Generation Family Business Owner, Pops is my Partner, Politically involved, lover of Scotch and golf.
Hillhound1 on twitter",200.0,200,,"{'followers_count': 2, 'following_count': 9, 'tweet_count': 7, 'listed_count': 0}",2,9,0,,,,,,,,,
559,472ea1ce44e743b7a44f37c37cbb6ec9,472ea1ce44e743b7a44f37c37cbb6ec9,[],False,,False,37.0,user_profile,False,22.0,62.0,62.0,False,False,False,12/19/20 19:04,2021-01-08 07:15:25.263457 UTC,58.0,0.0,False,False,46.0,False,b5e917be5ddb4039909e33e7476139fe,False,1.0,472ea1ce44e743b7a44f37c37cbb6ec9,SuperSixThree,False,False,13,,account exists,,"Suspended From Twitter For Spreading TruthÔøΩÔøΩÔøΩÔøΩAmerica First, Drain the swamp, Stop The Coup, Oath Keeper, Code Of Vets, III%er, USAF/US Army Vet, ŒºŒøŒª·ΩºŒΩ ŒªŒ±Œ≤Œ≠ mol·πën lab√©,LSU Geaux Tigers",200.0,200,üé®¬†Indie Otome Game Dev,Creator of Lucky Rabbit Reflex!,Drawing Sprites Errday üé®,SuperSixThree,"{'followers_count': 535, 'following_count': 62, 'tweet_count': 454, 'listed_count': 21}",535,62,21,,,,,,
609,d05ea3b7b5bf4fa987c7372b7ee4033d,d05ea3b7b5bf4fa987c7372b7ee4033d,[],False,,False,12.0,user_profile,False,362.0,261.0,261.0,False,False,False,6/3/19 11:48,2020-12-21 03:09:37.894652 UTC,33.0,7.0,False,False,104.0,False,22de93938078436faecf813a80303846,False,,d05ea3b7b5bf4fa987c7372b7ee4033d,Bighouse,False,False,8,,account exists,,"Ret/Dsabld Cbt Vet 82-04, Desert Shield/Storm 90-91, Oathkeeper. III% #MolonLabe ÔøΩÔøΩÔøΩÔøΩ #1A/#2A. #DemocratsAreEnemiesOfThePeople!



https://www.twitter.com/WilliamBighouse",200.0,200,Michigan has tallied over 350 victories in The Big House and has drawn in excess of 35 million fans.,"{'followers_count': 18600, 'following_count': 2559, 'tweet_count': 3718, 'listed_count': 392}",18600,2559,392,,,,,,,,,
614,e29c536a80624c13bb25ad65117f5569,e29c536a80624c13bb25ad65117f5569,[],False,,False,29.0,user_profile,False,133.0,278.0,278.0,False,False,False,7/12/19 11:41,2020-12-21 02:53:25.688216 UTC,285.0,4.0,False,False,138.0,False,6199b39899734e6eb13f487fdfc02848,False,,e29c536a80624c13bb25ad65117f5569,WPaxton,False,False,7,,account exists,,"Don't tread on me. #USN #NRA Benefactor #SCV #2A #MolonLabe #MAGA #OathKeeper #TwitterMigrant ""The same ol' me, lovin the same sweet you"" ÔøΩÔøΩÔøΩÔøΩ",200.0,200,High School Principal,"{'followers_count': 10, 'following_count': 14, 'tweet_count': 6, 'listed_count': 0}",10,14,0,,,,,,,,,
615,80da3295bdbb4166910992924248cf42,80da3295bdbb4166910992924248cf42,[0],False,,False,620.0,user_profile,False,1200.0,1300.0,1300.0,True,False,False,5/28/20 19:56,2020-12-20 15:25:02.165887 UTC,12000.0,16.0,False,False,3200.0,False,98dbe113dc4b459699a9bb029a9a79bf,False,,80da3295bdbb4166910992924248cf42,comeonman777,False,False,12,,account exists,,"Marine Corps veteran and Oathkeeper 3821.
Drain the swamp! #MAGA #KAG Proudly locked out of Twitter.
Great, great grandson of a Civil War veteran who served 3 years fighting for the 24th Ohio.",200.0,200,Marine Corps veteran and True American.  DRAIN THE SWAMP!!!!! OathKeeper #MAGA #KAG,"{'followers_count': 2059, 'following_count': 0, 'tweet_count': 18623, 'listed_count': 1}",2059,0,1,,,,,,,,,
645,fb5f53be63de4ac8ba99ff0aaa18cafd,fb5f53be63de4ac8ba99ff0aaa18cafd,[0],False,,False,53.0,user_profile,False,4000.0,3300.0,3300.0,True,False,False,7/6/19 23:51,2020-12-20 20:46:57.908739 UTC,154.0,0.0,False,False,292.0,False,bdfe982ee09f426aa920bb5689845784,False,,fb5f53be63de4ac8ba99ff0aaa18cafd,B345T,False,False,5,,account exists,,"Iowan that recently left Twitter for getting shadowbanned..was told PARLER is a fair to the conservative voice. *IFollowBack Patriots! * III%, * #KAG2020 * NRA Lifer * Q anon * Oathkeeper * WWG1WGA",200.0,200,,"{'followers_count': 5, 'following_count': 18, 'tweet_count': 136, 'listed_count': 0}",5,18,0,,,,,,,,,
649,e18778b65fe542e6990830eefd285918,e18778b65fe542e6990830eefd285918,"[0, 5]",False,,False,21.0,user_profile,False,764.0,655.0,655.0,True,False,False,6/26/20 18:42,2020-12-22 00:13:03.965189 UTC,562.0,35.0,False,False,639.0,False,0188429601e84ccb8a2b207c38335448,False,,e18778b65fe542e6990830eefd285918,CowboyKen,False,True,9,,account exists,,"Arizona Patriot. Air force Veteran. Love for God, country and Donald J. Trump.
Former Twitter user/suspended and now I found freedom on Parler.
#covidhoax #oathkeeper #codeofvets #twexit #parler",200.0,200,,"{'followers_count': 84, 'following_count': 199, 'tweet_count': 82, 'listed_count': 0}",84,199,0,,,,,,,,,
694,49548ba041494936ba764bfb30c5c00d,49548ba041494936ba764bfb30c5c00d,[0],False,,False,11.0,user_profile,False,258.0,612.0,612.0,True,False,False,6/14/19 23:19,2020-12-21 19:16:48.462751 UTC,132.0,56.0,False,False,417.0,False,e3b2ab6c5ca24f1d828f70a74f308171,False,,49548ba041494936ba764bfb30c5c00d,the88n3,False,False,7,,account exists,,Minnesota born and raised fighter for truth justice 3% 420 friend of the underground God loving on dlive youtube twitter mewe fan of dahboo7,200.0,200,real fact checker,"{'followers_count': 375, 'following_count': 1143, 'tweet_count': 17483, 'listed_count': 1}",375,1143,1,,,,,,,,,
704,c8c6be0b688d458f9f5607830c0068a4,c8c6be0b688d458f9f5607830c0068a4,[],False,,False,423.0,user_profile,False,92.0,69.0,69.0,False,False,False,11/22/20 5:31,2020-12-21 05:57:45.93256 UTC,57.0,0.0,False,False,389.0,False,eea8e39818ba4ba4965a084c628c8660,False,1.0,c8c6be0b688d458f9f5607830c0068a4,Lionsden123,False,False,11,,account exists,,Euclid ohio f*** Facebook & Twitter. 3 percenters retaliatory liberal troll mental combatant... not for ‚ùÑ,200.0,200,Lions Den,"{'followers_count': 1, 'following_count': 0, 'tweet_count': 4, 'listed_count': 0}",1,0,0,,,,,,,,,
719,abb3048ad27f4ee9904d89d414a84679,abb3048ad27f4ee9904d89d414a84679,[0],False,,False,1.0,user_profile,False,5.0,3.0,3.0,True,False,False,11/8/20 17:23,2020-12-22 16:39:51.204514 UTC,11.0,9.0,False,False,13.0,False,8e075df46a804a428896103a02c51de0,False,1.0,abb3048ad27f4ee9904d89d414a84679,Gamewiz1,False,False,8,,account exists,,"Gamer / Multi-Media editor
Top 3% of CoD players
Current CoD: Modern Warfare
Sponsor: @pamaxtactical 
YouTube: https://m.youtube.com/channel/UCOuKm79fR6F4H13riJqdkXw
IG/Twitter: Game-wiz1",200.0,200,,"{'followers_count': 4, 'following_count': 6, 'tweet_count': 300, 'listed_count': 0}",4,6,0,,,,,,,,,
792,d0a604b54e9a42958f885a1bfb16359c,d0a604b54e9a42958f885a1bfb16359c,[],False,,False,0.0,user_profile,False,8.0,21.0,21.0,False,False,False,6/29/20 17:17,2020-12-20 22:12:45.381574 UTC,2.0,2.0,False,False,5.0,False,e991c36244884a9fb806c875a43f17b2,False,,d0a604b54e9a42958f885a1bfb16359c,girlanquidute,False,False,13,,account exists,,"Fanpage: https://www.facebook.com/Girlan-Quidute-Pol%C3%ADtica-107272181028549/
 - Brasileiro
 - Patriota
 - A favor da Fam√≠lia
 - Antiabortista
 - Tweeter: https://twitter.com/QUIDUTEOLIVEIRA",200.0,200,,"{'followers_count': 1, 'following_count': 1, 'tweet_count': 0, 'listed_count': 0}",1,1,0,,,,,,,,,
850,ec56a6c5c97f440cbfcda4159c8cf536,ec56a6c5c97f440cbfcda4159c8cf536,[0],False,,False,47.0,user_profile,False,82.0,249.0,249.0,True,False,False,6/24/20 16:23,2021-01-11 06:00:33.259296 UTC,64.0,18.0,False,False,151.0,False,5f5324566805409aaeca154181d6492b,False,,ec56a6c5c97f440cbfcda4159c8cf536,DocMalibu,False,False,9,,account exists,,"Attorney | Arbitrator | Former Chiropractor |Constitutionalist | #ChargersSTH | #Lakers |#UCSD |#Pepperdine | #Q | #KAG |@DocSuggests-Twitter | 3%| |Legal Analysis to the Masses, Feel free to ask a Q",200.0,200,Money Whips & B!tches,"{'followers_count': 0, 'following_count': 72, 'tweet_count': 571, 'listed_count': 0}",0,72,0,,,,,,,,,
851,bdb91ded49924852a6ddf41e64bc3aa0,bdb91ded49924852a6ddf41e64bc3aa0,[0],False,,False,16.0,user_profile,False,25.0,77.0,77.0,True,False,False,11/15/20 16:50,2020-12-21 23:47:36.608368 UTC,0.0,0.0,False,False,32.0,False,e567abb26d0f46708e52c26e055fa8f5,False,1.0,bdb91ded49924852a6ddf41e64bc3aa0,semonco,False,False,7,,account exists,,"constitutional conservative, #CCW, 3% er, 30 years together with my loving wife, Love our men and women in blue. love this country, twitter is in the toilet. NRA member, defend and protect.",200.0,200,,"{'followers_count': 0, 'following_count': 1, 'tweet_count': 0, 'listed_count': 0}",0,1,0,,,,,,,,,
